<?xml version="1.0" encoding="UTF-8"?>
<project-private xmlns="http://www.netbeans.org/ns/project-private/1">
    <editor-bookmarks xmlns="http://www.netbeans.org/ns/editor-bookmarks/2" lastBookmarkId="0"/>
    <open-files xmlns="http://www.netbeans.org/ns/projectui-open-files/2">
        <group>
            <file>file:/D:/FPT%20Polytechnic/SOF204-du%20an%20mau/EduSystem/src/edusys_ui/DangNhapJDialog.java</file>
            <file>file:/D:/FPT%20Polytechnic/SOF204-du%20an%20mau/EduSystem/src/edusys_ui/EdusysJFrame1.java</file>
            <file>file:/D:/FPT%20Polytechnic/SOF204-du%20an%20mau/EduSystem/src/edusys_ui/DoiMatKhauJDialog.java</file>
        </group>
    </open-files>
</project-private>
